{"stat.useItem.minecraft.bow":14,"stat.useItem.minecraft.sticky_piston":10,"stat.useItem.minecraft.repeater":3,"stat.leaveGame":4,"stat.useItem.minecraft.sponge":12,"stat.useItem.minecraft.ender_chest":2,"stat.useItem.minecraft.potion":2,"stat.useItem.minecraft.glowstone":45,"stat.useItem.minecraft.stained_glass_pane":15,"stat.jump":930,"stat.useItem.minecraft.iron_trapdoor":1,"stat.swimOneCm":12069,"stat.climbOneCm":11332,"stat.fallOneCm":1448,"stat.useItem.minecraft.nether_brick_stairs":15,"stat.crouchOneCm":12985,"stat.useItem.minecraft.redstone_torch":63,"stat.useItem.minecraft.dirt":38,"stat.useItem.minecraft.stone_button":4,"achievement.exploreAllBiomes":{"value":0,"progress":["Birch Forest Hills","ForestHills","Birch Forest","Forest","River","Plains","Swampland"]},"stat.useItem.minecraft.glass":3,"stat.useItem.minecraft.stone_brick_stairs":20,"stat.useItem.minecraft.acacia_door":1,"stat.flyOneCm":575530,"stat.useItem.minecraft.birch_fence":7,"stat.useItem.minecraft.cooked_beef":2,"stat.damageDealt":50,"stat.useItem.minecraft.wool":2,"stat.timeSinceDeath":140919,"stat.killEntity.Cow":4,"stat.useItem.minecraft.sign":15,"stat.useItem.minecraft.iron_door":10,"stat.useItem.minecraft.iron_bars":77,"stat.walkOneCm":647067,"stat.useItem.minecraft.torch":2,"stat.useItem.minecraft.lever":7,"stat.useItem.minecraft.log":14,"stat.useItem.minecraft.oak_stairs":4,"stat.useItem.minecraft.gravel":47,"stat.useItem.minecraft.redstone":111,"stat.useItem.minecraft.trapdoor":3,"stat.useItem.minecraft.leaves":4,"stat.sprintOneCm":166363,"stat.useItem.minecraft.stained_glass":9,"stat.useItem.minecraft.fence":28,"stat.useItem.minecraft.stone_stairs":25,"stat.useItem.minecraft.glass_pane":2,"stat.useItem.minecraft.birch_door":1,"stat.useItem.minecraft.dark_oak_door":1,"achievement.openInventory":92,"stat.mobKills":4,"stat.useItem.minecraft.stonebrick":176,"stat.useItem.minecraft.wooden_door":1,"stat.useItem.minecraft.spruce_door":13,"stat.drop":1,"stat.playOneMinute":140919,"stat.useItem.minecraft.ladder":9,"stat.diveOneCm":5941,"stat.useItem.minecraft.web":63}