{
  "aliasesOuterMassiveCore": [
    "massivecore",
    "mcore"
  ],
  "aliasesOuterMassiveCoreUsys": [
    "usys"
  ],
  "aliasesOuterMassiveCoreStore": [
    "massivestore",
    "mstore"
  ],
  "aliasesOuterMassiveCoreBuffer": [
    "buffer"
  ],
  "aliasesOuterMassiveCoreCmdurl": [
    "cmdurl"
  ],
  "usingRecipientChatEvent": true,
  "permissionDeniedFormats": {
    "some.awesome.permission.node": "<b>You must be awesome to %s<b>.",
    "some.derp.permission.node.1": "derp",
    "some.derp.permission.node.2": "derp",
    "some.derp.permission.node.3": "derp",
    "derp": "<b>Only derp people can %s<b>.\n<i>Ask a moderator to become derp."
  },
  "permissionToTpdelay": {
    "massivecore.notpdelay": 0,
    "default": 10
  },
  "deleteFiles": [],
  "catchingMongoDbErrorsOnSave": true,
  "catchingMongoDbErrorsOnDelete": true,
  "variableBook": "***book***",
  "usingVariableBook": true,
  "variableBuffer": "***buffer***",
  "usingVariableBuffer": true
}