{
  "aliasesF": [
    "f"
  ],
  "worldsClaimingEnabled": {
    "standard": true,
    "exceptions": []
  },
  "worldsPowerLossEnabled": {
    "standard": true,
    "exceptions": []
  },
  "worldsPvpRulesEnabled": {
    "standard": true,
    "exceptions": []
  },
  "playersWhoBypassAllProtection": [],
  "taskPlayerPowerUpdateMinutes": 1.0,
  "taskPlayerDataRemoveMinutes": 5.0,
  "taskEconLandRewardMinutes": 20.0,
  "removePlayerWhenBanned": true,
  "removePlayerMillisDefault": 864000000,
  "removePlayerMillisPlayerAgeToBonus": {
    "1209600000": 864000000
  },
  "removePlayerMillisFactionAgeToBonus": {
    "2419200000": 864000000,
    "1209600000": 432000000
  },
  "defaultPlayerFactionId": "none",
  "defaultPlayerRole": "RECRUIT",
  "defaultPlayerPower": 0.0,
  "motdPriority": "NORMAL",
  "motdDelayTicks": -1,
  "powerMax": 10.0,
  "powerMin": 0.0,
  "powerPerHour": 2.0,
  "powerPerDeath": -2.0,
  "canLeaveWithNegativePower": true,
  "factionMemberLimit": 0,
  "factionPowerMax": 0.0,
  "factionNameLengthMin": 3,
  "factionNameLengthMax": 16,
  "factionNameForceUpperCase": false,
  "setRadiusMax": 30,
  "setFillMax": 1000,
  "claimsMustBeConnected": true,
  "claimsCanBeUnconnectedIfOwnedByOtherFaction": false,
  "claimingFromOthersAllowed": true,
  "claimMinimumChunksDistanceToOthers": 0,
  "claimsRequireMinFactionMembers": 1,
  "claimedLandsMax": 0,
  "homesEnabled": true,
  "homesMustBeInClaimedTerritory": true,
  "homesTeleportCommandEnabled": true,
  "homesTeleportAllowedFromEnemyTerritory": true,
  "homesTeleportAllowedFromDifferentWorld": true,
  "homesTeleportAllowedEnemyDistance": 32.0,
  "homesTeleportIgnoreEnemiesIfInOwnTerritory": true,
  "homesTeleportToOnDeathActive": false,
  "homesTeleportToOnDeathPriority": "NORMAL",
  "permanentFactionsDisableLeaderPromotion": false,
  "actionDeniedPainAmount": 2.0,
  "disablePVPForFactionlessPlayers": false,
  "enablePVPAgainstFactionlessInAttackersLand": false,
  "territoryShieldFactor": 0.1,
  "denyCommandsPermanentFactionMember": [],
  "denyCommandsTerritoryRelation": {
    "ENEMY": [
      "home",
      "homes",
      "sethome",
      "createhome",
      "tpahere",
      "tpaccept",
      "tpyes",
      "tpa",
      "call",
      "tpask",
      "warp",
      "warps",
      "spawn",
      "ehome",
      "ehomes",
      "esethome",
      "ecreatehome",
      "etpahere",
      "etpaccept",
      "etpyes",
      "etpa",
      "ecall",
      "etpask",
      "ewarp",
      "ewarps",
      "espawn",
      "essentials:home",
      "essentials:homes",
      "essentials:sethome",
      "essentials:createhome",
      "essentials:tpahere",
      "essentials:tpaccept",
      "essentials:tpyes",
      "essentials:tpa",
      "essentials:call",
      "essentials:tpask",
      "essentials:warp",
      "essentials:warps",
      "essentials:spawn",
      "wtp",
      "uspawn",
      "utp",
      "mspawn",
      "mtp",
      "fspawn",
      "ftp",
      "jspawn",
      "jtp"
    ],
    "NEUTRAL": [],
    "TRUCE": [],
    "ALLY": [],
    "MEMBER": []
  },
  "chatSetFormat": true,
  "chatSetFormatAt": "LOWEST",
  "chatSetFormatTo": "<{factions_relcolor}§l{factions_roleprefix}§r{factions_relcolor}{factions_name|rp}§f%1$s> %2$s",
  "chatParseTags": true,
  "chatParseTagsAt": "LOW",
  "colorMember": "GREEN",
  "colorAlly": "DARK_PURPLE",
  "colorTruce": "LIGHT_PURPLE",
  "colorNeutral": "WHITE",
  "colorEnemy": "RED",
  "colorNoPVP": "GOLD",
  "colorFriendlyFire": "DARK_RED",
  "prefixLeader": "**",
  "prefixOfficer": "*",
  "prefixMember": "+",
  "prefixRecruit": "-",
  "handleExploitObsidianGenerators": true,
  "handleExploitEnderPearlClipping": true,
  "handleExploitTNTWaterlog": false,
  "seeChunkSteps": 1,
  "seeChunkKeepEvery": 5,
  "seeChunkSkipEvery": 0,
  "seeChunkPeriodMillis": 500,
  "seeChunkParticleAmount": 30,
  "seeChunkParticleOffsetY": 2.0,
  "seeChunkParticleDeltaY": 2.0,
  "logFactionCreate": true,
  "logFactionDisband": true,
  "logFactionJoin": true,
  "logFactionKick": true,
  "logFactionLeave": true,
  "logLandClaims": true,
  "logLandUnclaims": true,
  "logMoneyTransactions": true,
  "logPlayerCommands": true,
  "materialsEditOnInteract": [
    "DIODE_BLOCK_OFF",
    "DIODE_BLOCK_ON",
    "NOTE_BLOCK",
    "CAULDRON",
    "SOIL"
  ],
  "materialsEditTools": [
    "FIREBALL",
    "FLINT_AND_STEEL",
    "BUCKET",
    "WATER_BUCKET",
    "LAVA_BUCKET",
    "ARMOR_STAND"
  ],
  "materialsEditToolsDupeBug": [
    "CHEST",
    "SIGN_POST",
    "TRAPPED_CHEST",
    "SIGN",
    "WOOD_DOOR",
    "IRON_DOOR"
  ],
  "materialsDoor": [
    "WOODEN_DOOR",
    "ACACIA_DOOR",
    "BIRCH_DOOR",
    "DARK_OAK_DOOR",
    "JUNGLE_DOOR",
    "SPRUCE_DOOR",
    "TRAP_DOOR",
    "FENCE_GATE",
    "ACACIA_FENCE_GATE",
    "BIRCH_FENCE_GATE",
    "DARK_OAK_FENCE_GATE",
    "JUNGLE_FENCE_GATE",
    "SPRUCE_FENCE_GATE"
  ],
  "materialsContainer": [
    "DISPENSER",
    "CHEST",
    "FURNACE",
    "BURNING_FURNACE",
    "JUKEBOX",
    "BREWING_STAND",
    "ENCHANTMENT_TABLE",
    "ANVIL",
    "BEACON",
    "TRAPPED_CHEST",
    "HOPPER",
    "DROPPER"
  ],
  "entityTypesEditOnInteract": [
    "ITEM_FRAME",
    "ARMOR_STAND"
  ],
  "entityTypesEditOnDamage": [
    "ITEM_FRAME",
    "ARMOR_STAND"
  ],
  "entityTypesContainer": [
    "MINECART_CHEST",
    "MINECART_HOPPER"
  ],
  "entityTypesMonsters": [
    "BLAZE",
    "CAVE_SPIDER",
    "CREEPER",
    "ENDERMAN",
    "ENDER_DRAGON",
    "GUARDIAN",
    "GHAST",
    "GIANT",
    "MAGMA_CUBE",
    "PIG_ZOMBIE",
    "SILVERFISH",
    "SKELETON",
    "SLIME",
    "SPIDER",
    "WITCH",
    "WITHER",
    "ZOMBIE"
  ],
  "herochatFactionName": "Faction",
  "herochatFactionNick": "F",
  "herochatFactionFormat": "{color}[&l{nick}&r{color} &l{factions_roleprefix}&r{color}{factions_title|rp}{sender}{color}] &f{msg}",
  "herochatFactionColor": "GREEN",
  "herochatFactionDistance": 0,
  "herochatFactionIsShortcutAllowed": false,
  "herochatFactionCrossWorld": true,
  "herochatFactionMuted": false,
  "herochatFactionWorlds": [],
  "herochatAlliesName": "Allies",
  "herochatAlliesNick": "A",
  "herochatAlliesFormat": "{color}[&l{nick}&r&f {factions_relcolor}&l{factions_roleprefix}&r{factions_relcolor}{factions_name|rp}{sender}{color}] &f{msg}",
  "herochatAlliesColor": "DARK_PURPLE",
  "herochatAlliesDistance": 0,
  "herochatAlliesIsShortcutAllowed": false,
  "herochatAlliesCrossWorld": true,
  "herochatAlliesMuted": false,
  "herochatAlliesWorlds": [],
  "lwcMustHaveBuildRightsToCreate": true,
  "lwcRemoveIfNoBuildRights": false,
  "lwcRemoveOnChange": {
    "BUY": false,
    "SELL": false,
    "CONQUER": false,
    "PILLAGE": false
  },
  "econEnabled": true,
  "econLandReward": 0.0,
  "econUniverseAccount": "",
  "econChunkCost": {
    "BUY": 1.0,
    "SELL": 0.0,
    "CONQUER": 0.0,
    "PILLAGE": 0.0
  },
  "econCostCreate": 100.0,
  "econCostSethome": 0.0,
  "econCostJoin": 0.0,
  "econCostLeave": 0.0,
  "econCostKick": 0.0,
  "econCostInvite": 0.0,
  "econCostDeinvite": 0.0,
  "econCostHome": 0.0,
  "econCostName": 0.0,
  "econCostDescription": 0.0,
  "econCostTitle": 0.0,
  "econCostFlag": 0.0,
  "econRelCost": {
    "ENEMY": 0.0,
    "ALLY": 0.0,
    "TRUCE": 0.0,
    "NEUTRAL": 0.0
  },
  "bankEnabled": true,
  "bankFactionPaysCosts": true,
  "bankFactionPaysLandCosts": true
}