{
  "name": "§2Wilderness",
  "createdAtMillis": 1421684632893,
  "flags": {
    "open": false,
    "permanent": true,
    "peaceful": false,
    "infpower": true,
    "powerloss": true,
    "pvp": true,
    "friendlyfire": false,
    "monsters": true,
    "explosions": true,
    "offlineexplosions": true,
    "firespread": true,
    "endergrief": true
  },
  "perms": {
    "build": [
      "TRUCE",
      "LEADER",
      "NEUTRAL",
      "ALLY",
      "RECRUIT",
      "MEMBER",
      "ENEMY",
      "OFFICER"
    ],
    "painbuild": [],
    "door": [
      "TRUCE",
      "LEADER",
      "NEUTRAL",
      "ALLY",
      "RECRUIT",
      "MEMBER",
      "ENEMY",
      "OFFICER"
    ],
    "button": [
      "TRUCE",
      "LEADER",
      "NEUTRAL",
      "ALLY",
      "RECRUIT",
      "MEMBER",
      "ENEMY",
      "OFFICER"
    ],
    "lever": [
      "TRUCE",
      "LEADER",
      "NEUTRAL",
      "ALLY",
      "RECRUIT",
      "MEMBER",
      "ENEMY",
      "OFFICER"
    ],
    "container": [
      "TRUCE",
      "LEADER",
      "NEUTRAL",
      "ALLY",
      "RECRUIT",
      "MEMBER",
      "ENEMY",
      "OFFICER"
    ],
    "name": [
      "LEADER"
    ],
    "desc": [
      "LEADER",
      "OFFICER"
    ],
    "motd": [
      "LEADER",
      "OFFICER"
    ],
    "invite": [
      "LEADER",
      "OFFICER"
    ],
    "kick": [
      "LEADER",
      "OFFICER"
    ],
    "title": [
      "LEADER",
      "OFFICER"
    ],
    "home": [
      "LEADER",
      "OFFICER",
      "MEMBER",
      "RECRUIT",
      "ALLY"
    ],
    "sethome": [
      "LEADER",
      "OFFICER"
    ],
    "deposit": [
      "LEADER",
      "OFFICER"
    ],
    "withdraw": [
      "LEADER"
    ],
    "territory": [
      "LEADER",
      "OFFICER"
    ],
    "access": [
      "LEADER",
      "OFFICER"
    ],
    "claimnear": [
      "LEADER",
      "OFFICER",
      "MEMBER",
      "RECRUIT",
      "ALLY"
    ],
    "rel": [
      "LEADER",
      "OFFICER"
    ],
    "disband": [
      "LEADER"
    ],
    "flags": [
      "LEADER"
    ],
    "perms": [
      "LEADER"
    ]
  }
}